{"cameraMode":{"drawMode":0,"name":"Shaded","section":"Shading Mode"},"sceneLighting":false,"audioPlay":false,"sceneViewState":{"showFog":true,"showMaterialUpdate":false,"showSkybox":false,"showFlares":true,"showImageEffects":true,"showParticleSystems":true},"in2DMode":false,"pivot":{"x":9.78727912902832,"y":-8.117841720581055,"z":-1.0858712196350098},"rotation":{"x":-0.252890020608902,"y":-0.6225069761276245,"z":0.22286836802959443,"w":-0.706324577331543},"size":16.41729164123535,"orthographic":false}